"parsedpath","referer","count"
"/","-","7079"
"/robots.txt","-","3171"
"/pkg/js","https://snorkel.logv.org/","974"
"/scripts/setup.php","-","524"
"/pkg/css","https://snorkel.logv.org/","478"
"/favicon.ico","-","434"
"/images/snorkle_icon.png","https://snorkel.logv.org/","339"
"/images/yes-snorkeling.png","https://snorkel.logv.org/","338"
"/images/no-diving.png","https://snorkel.logv.org/","336"
"/pkg/prelude.css","https://snorkel.logv.org/","336"
"/pkg/prelude.js","https://snorkel.logv.org/","311"
"/","https://news.ycombinator.com/","291"
"/pkg/js","https://snorkel.logv.org/tour","266"
"/","http://logv.org/","255"
"/stylesheets/pygment_trac.css","http://logv.org/","252"
"/javascripts/scale.fix.js","http://logv.org/","242"
"/stylesheets/styles.css","http://logv.org/","242"
"/favicon.ico","https://snorkel.logv.org/","223"
"/pkg/js","https://snorkel.logv.org/login","201"
"/%7Eokay/snorkel_gifs/demo.gif","-","194"
"/sybil-implementation.html","-","166"
"/images/bootstrap/glyphicons-halflings-white.png","https://snorkel.logv.org/pkg/prelude.css","164"
"/the-ordinary-power-of-olaps.html","-","163"
"/scuba-vs-snorkel.html","-","161"
"/images/bootstrap/glyphicons-halflings-white.png","https://snorkel.logv.org/pkg/prelude.css","158"
"/pkg/js","https://snorkel.logv.org/datasets","142"
"/favicon.ico","http://logv.org/","139"
"/phpmyadmin/scripts/setup.php","-","135"
"/pkg/css","https://snorkel.logv.org/tour","134"
"/login","-","134"
"/testproxy.php","-","133"
"/schemaless-data.html","-","132"
"/setup.html","-","126"
"/images/snorkle_icon.png","-","119"
"/manager/html","-","117"
"/","http://www.logv.org/","115"
"/logv.html","-","115"
"/images/screens/Screenshot_2016-04-30_18-52-23.png","https://snorkel.logv.org/tour","114"
"/images/screens/Screenshot_2016-08-31_11-50-13.png","https://snorkel.logv.org/tour","114"
"/images/screens/Screenshot_2016-08-31_07-29-37.png","https://snorkel.logv.org/tour","114"
"/images/screens/Screenshot_2016-08-31_07-27-57.png","https://snorkel.logv.org/tour","114"
"/images/screens/Screenshot_2016-08-31_07-32-51.png","https://snorkel.logv.org/tour","114"
"/images/screens/Screenshot_2016-08-31_07-25-43.png","https://snorkel.logv.org/tour","113"
"/images/screens/Screenshot_2016-04-30_18-51-55.png","https://snorkel.logv.org/tour","113"
"/images/screens/Screenshot_2016-08-31_07-26-25.png","https://snorkel.logv.org/tour","113"
"/images/screens/1264245_10201979227905947_1254692173_o.jpg","https://snorkel.logv.org/tour","113"
"/images/screens/Screenshot_2016-08-31_07-33-23.png","https://snorkel.logv.org/tour","113"
"/images/screens/Screenshot_2016-08-31_11-53-01.png","https://snorkel.logv.org/tour","113"
"/images/screens/Screenshot_2016-04-30_18-50-20.png","https://snorkel.logv.org/tour","113"
"/images/screens/Screenshot_2016-04-30_18-51-11.png","https://snorkel.logv.org/tour","113"
"/images/screens/Screenshot_2016-08-31_07-32-23.png","https://snorkel.logv.org/tour","110"
"/tour","https://snorkel.logv.org/","110"
"/images/screens/Screenshot_2016-08-31_07-25-05.png","https://snorkel.logv.org/tour","109"
"/images/screens/Screenshot_2016-08-31_07-24-27.png","https://snorkel.logv.org/tour","109"
"/images/screens/Screenshot_2016-08-31_07-26-49.png","https://snorkel.logv.org/tour","109"
"/images/screens/Screenshot_2016-08-31_07-30-50.png","https://snorkel.logv.org/tour","109"
"/multi-season-exponential-smoothing.html","-","106"
"/bi-grams-and-user-behavior.html","-","103"
"/releases/","-","103"
"/images/screens/Screenshot_2016-08-31_07-25-05.png","http://logv.org/logv.html","102"
"/images/screens/Screenshot_2016-08-31_07-30-50.png","http://logv.org/logv.html","102"
"/images/screens/Screenshot_2016-08-31_07-32-23.png","http://logv.org/logv.html","102"
"/pkg/css","https://snorkel.logv.org/login","102"
"/categorical-attribution.html","-","102"
"/images/screens/Screenshot_2016-08-31_07-26-49.png","http://logv.org/logv.html","102"
"/images/screens/Screenshot_2016-08-31_07-24-27.png","http://logv.org/logv.html","101"
"/phpMyAdmin/scripts/setup.php","-","91"
"/wp-login.php","-","89"
"/pkg/css","https://snorkel.logv.org/query","87"
"/pkg/js","https://snorkel.logv.org/query","84"
"/favicon.ico","http://snorkel.logv.org/favicon.ico","81"
"/pma/scripts/setup.php","-","81"
"/MyAdmin/scripts/setup.php","-","77"
"/pkg/prelude.css","-","77"
"/pkg/js","https://snorkel.logv.org/login","76"
"/pkg/component","https://snorkel.logv.org/datasets","75"
"/pkg/prelude.js","-","71"
"/ApacheTomcatJBoss","-","69"
"/datasets","-","69"
"/xmlrpc.php","-","69"
"/pkg/css","https://snorkel.logv.org/datasets","68"
"","-","64"
"/myadmin/scripts/setup.php","-","63"
"/query","https://snorkel.logv.org/datasets","63"
"/status","-","60"
"/mysql/scripts/setup.php","-","60"
"/login","https://snorkel.logv.org/","60"
"/manual_setup.html","-","58"
"/.well-known/apple-app-site-association","-","58"
"/pkg/component","https://snorkel.logv.org/query","56"
"/scuba-vs-snorkel.html","http://logv.org/","56"
"/pkg/css","https://snorkel.logv.org/query","55"
"/pkg/js","https://snorkel.logv.org/query","54"
"/~okay/snorkel_gifs/time_to_table.gif","http://logv.org/logv.html","54"
"/","http://www.google.com/search","53"
"/~okay/snorkel_gifs/forecasting.gif","http://logv.org/logv.html","53"
"/~okay/snorkel_gifs/table_to_time2.gif","http://logv.org/logv.html","53"
"/~okay/snorkel_gifs/table_to_dist2.gif","http://logv.org/logv.html","52"
"/images/snorkel/snorkel.png","http://logv.org/logv.html","51"
"/releases/old/","-","50"
"/","https://github.com/logv/snorkel","49"
"/muieblackcat","-","48"
"/images/bootstrap/glyphicons-halflings-white.png","https://snorkel.logv.org/","48"
"/w00tw00t.at.blackhats.romanian.anti-sec:)","-","47"
"/mysqladmin/scripts/setup.php","-","45"
"/wp-includes/wlwmanifest.xml","-","43"
"/","https://github.com/","43"
"/pkg/socket","https://snorkel.logv.org/datasets","42"
"/pkg/js","-","42"
"/sitemap.xml","-","41"
"/images/screens/Screenshot_2016-08-31_07-24-27.png","-","41"
"/stylesheets/pygments.css","http://logv.org/scuba-vs-snorkel.html","41"
"/pkg/css","https://snorkel.logv.org/login","40"
"/wp-login.php","http://logv.org/wp-login.php","40"
"/xampp/phpmyadmin/scripts/setup.php","-","39"
"/db/scripts/setup.php","-","39"
"/phpmyadmin","http://45.79.78.223/phpmyadmin","38"
"/pkg/css","-","38"
"/login","https://snorkel.logv.org/tour","38"
"/stylesheets/styles.css","-","37"
"/cgi-bin/test.cgi","-","36"
"/cgi-bin/test-cgi","-","36"
"/index.php","-","35"
"/","http://45.79.78.223:80","35"
"/login","https://snorkel.logv.org/login","34"
"/cgi-bin/test","-","33"
"/datasets","https://snorkel.logv.org/login","33"
"/dbadmin/scripts/setup.php","-","32"
"mstshash=Test","-","32"
"/datasets","https://snorkel.logv.org/tour","32"
"/distributed-notes.html","-","32"
"/command.php","-","31"
"/sybil-implementation.html","http://logv.org/","31"
"/PMA/scripts/setup.php","-","31"
"/~okay/logv.html","-","31"
"/xxbb","-","31"
"/phpMyAdmin2/scripts/setup.php","-","30"
"/stylesheets/pygment_trac.css","-","30"
"/pkg/component","https://snorkel.logv.org/query","30"
"/images/snorkle_icon.png","https://snorkel.logv.org/login","29"
"/logv.html","http://logv.org/","28"
"/","https://snorkel.logv.org/login","27"
"/phpmyadmin2/scripts/setup.php","-","27"
"/pkg/component","https://snorkel.logv.org/datasets/edit","27"
"/.well-known/assetlinks.json","-","27"
"/sql/scripts/setup.php","-","27"
"/images/screens/Screenshot_2016-08-31_07-26-49.png","-","26"
"/pkg/component","https://snorkel.logv.org/datasets/edit","26"
"/shell","-","26"
"/images/screens/Screenshot_2016-08-31_07-25-05.png","-","26"
"/pkg/css","https://snorkel.logv.org/datasets/edit","26"
"/pkg/js","https://snorkel.logv.org/datasets/edit","26"
"/wp/wp-login.php","-","26"
"/blog/wp-login.php","-","25"
"/stylesheets/pygments.css","http://logv.org/sybil-implementation.html","25"
"/the-ordinary-power-of-olaps.html","http://logv.org/","24"
"/javascripts/scale.fix.js","-","24"
"/images/bootstrap/glyphicons-halflings.png","https://snorkel.logv.org/pkg/prelude.css","24"
"/images/bootstrap/glyphicons-halflings.png","https://snorkel.logv.org/pkg/prelude.css","24"
"/Struts2XMLHelloWorld/User/home.action","-","23"
"/wordpress/wp-includes/wlwmanifest.xml","-","23"
"/struts2-showcase/showcase.action","-","23"
"/x","-","23"
"/bi-grams-and-user-behavior.html","http://logv.org/","23"
"/site/wp-includes/wlwmanifest.xml","-","23"
"/datasets","https://snorkel.logv.org/","23"
"/wordpress/wp-login.php","-","23"
"/blog/wp-includes/wlwmanifest.xml","-","23"
"/wp/wp-includes/wlwmanifest.xml","-","23"
"/index.html","-","22"
"/admin/phpmyadmin/scripts/setup.php","-","22"
"/moo","-","22"
"/favicon.ico","http://logv.org/sybil-implementation.html","22"
"/multi-season-exponential-smoothing.html","http://logv.org/","22"
"/tmUnblock.cgi","-","22"
"/tour","-","22"
"/hndUnblock.cgi","-","22"
"/favicon.ico","http://logv.org/scuba-vs-snorkel.html","22"
"/schemaless-data.html","http://logv.org/","21"
"/images/screens/Screenshot_2016-08-31_07-30-50.png","-","21"
"/favicon.ico","https://slack.com","21"
"/stylesheets/pygments.css","http://logv.org/setup.html","21"
"/apple-app-site-association","-","21"
"/pkg/css","https://snorkel.logv.org/datasets/edit","21"
"/pkg/js","https://snorkel.logv.org/datasets/edit","21"
"/","http://45.79.78.223:80/","21"
"/admin/scripts/setup.php","-","21"
"/_phpmyadmin/scripts/setup.php","-","21"
"/PHPMYADMIN/scripts/setup.php","-","21"
"/hedwig.cgi","-","21"
"/admin/Public/index.php","-","21"
"/stylesheets/styles.css","http://logv.org/sybil-implementation.html","21"
"/system.ini","-","20"
"/index.action","-","20"
"/phpmyadmin/scripts/_setup.php","-","20"
"/cms/wp-includes/wlwmanifest.xml","-","20"
"/php-my-admin/scripts/setup.php","-","20"
"/stylesheets/pygments.css","-","20"
"/phpMyAdmin/scripts/Setup.php","-","20"
"/categorical-attribution.html","http://logv.org/","20"
"/currentsetting.htm","-","20"
"/releases/Snorkel-0.2.3-x86_64.AppImage","-","20"
"/","http://burger-imperia.com/","19"
"/phpmyadmin/scripts/setup1.php","-","19"
"/phpMyAdmin_/scripts/setup.php","-","19"
"/_phpMyAdmin/scripts/setup.php","-","19"
"/stylesheets/styles.css","http://logv.org/scuba-vs-snorkel.html","19"
"/releases/Snorkel-0.3.2-x86_64.AppImage","-","19"
"/setup.html","http://logv.org/","19"
"/images/snorkel/snorkel.png","-","19"
"/board.cgi","-","18"
"/images/screens/Screenshot_2016-08-31_07-32-23.png","-","18"
"/phpMyAdmin/scripts/setup1.php","-","18"
"/PhpMyAdmin/scripts/setup.php","-","18"
"/getcfg.php","-","18"
"/a2billing/common/javascript/misc.js","-","18"
"/phpmyadmin_/scripts/setup.php","-","18"
"/phpMyAdmin/scripts/_setup.php","-","18"
"/phpMyAdmin/scripts/setup0.php","-","18"
"/releases/old/snorkel_0.0.20_amd64.snap","-","18"
"/upgrade_handle.php","-","18"
"/phpMyAdmin/scripts.setup.php","-","18"
"/manual_setup.html","http://logv.org/setup.html","18"
"/admin/phpMyAdmin/scripts/setup.php","-","18"
"/phpmyadmin/scripts/Setup.php","-","18"
"/releases/old/Snorkel-0.2.0-x86_64.AppImage","-","18"
"/stssys.htm","-","18"
"/~okay/snorkel_gifs/forecasting.gif","-","17"
"/cpanelphpmyadmin/scripts/setup.php","-","17"
"/~okay/snorkel_gifs/time_to_table.gif","-","17"
"/static/css/fontello-embedded.css","http://favonius.blastic.us/","17"
"/static/grid12.css","http://antius.blastic.us/","17"
"/static/css/icons.css","http://favonius.blastic.us/","17"
"/static/css/base.css","http://favonius.blastic.us/","17"
"/check_proxy","-","17"
"/static/antfarm.css","http://antius.blastic.us/","17"
"/","http://uptime-beta.net/logv.org","17"
"/apache-default/phpmyadmin/scripts/setup.php","-","16"
"/releases/Snorkel-0.4.0-x86_64.AppImage","-","16"
"/api/get_weather","http://favonius.blastic.us/","16"
"/ccvv","-","16"
"/phpmyadmin/scripts/setup0.php","-","16"
"/cgi-sys/entropysearch.cgi","-","16"
"/releases/old/Snorkel-0.1.1b-x86_64.AppImage","-","16"
"/cpphpmyadmin/scripts/setup.php","-","16"
"/admindb/scripts/setup.php","-","16"
"/releases/old/Snorkel-0.1.1a-x86_64.AppImage","-","16"
"/~okay/snorkel_gifs/table_to_time2.gif","-","16"
"/cgi/common.cgi","-","16"
"mstshash=Administr","-","16"
"/cgi-bin/test.sh","-","16"
"/","http://google.com","16"
"/images/snorkel/forecasting.png","http://logv.org/multi-season-exponential-smoothing.html","16"
"/cgi-bin-sdb/printenv","-","16"
"/releases/old/Snorkel-0.2.0a-x86_64.AppImage","-","16"
"/apply.cgi","-","15"
"/","http://uptime-gamma.net/logv.org","15"
"/images/snorkel/forecasting.png","-","15"
"/releases/old/snorkel_0.1.0_amd64.snap","-","15"
"/","http://uptime-delta.net/logv.org","15"
"/images/snorkel/bigrams.png","http://logv.org/bi-grams-and-user-behavior.html","15"
"/favicon.ico","http://logv.org/logv.html","15"
"/releases/old/Snorkel-0.1.1c-x86_x64.AppImage","-","15"
"/releases/old/Snorkel-0.0.20-x86_64.AppImage","-","15"
"/pkg/css","http://snorkel.logv.org/tour","15"
"/pkg/prelude.css","https://snorkel.logv.org/login","15"
"/releases/old/Snorkel-0.1.0-x86_64.AppImage","-","15"
"/setup.cgi","-","15"
"/","http://logv.org","15"
"/releases/Snorkel-0.3.1-x86_64.AppImage","-","15"
"/forum/phpmyadmin/scripts/setup.php","-","15"
"/","https://www.google.com/","15"
"/static/grid12.css","http://www.logv.org/","14"
"/releases/old/Snorkel-0.0.21-x86_64.AppImage","-","14"
"/","http://www.netcraft.com/survey/","14"
"/static/antfarm.css","http://www.logv.org/","14"
"/releases/old/Snorkel-0.2.1-x86_64.AppImage","-","14"
"/images/snorkle_icon.png","https://snorkel.logv.org/tour","14"
"/releases/old/Snorkel-0.1.1-x86_64.AppImage","-","14"
"/favicon.ico","http://logv.org/favicon.ico","14"
"/a","-","14"
"/administrator/index.php","-","14"
"/~okay/snorkel_gifs/table_to_dist2.gif","-","14"
"/blog/robots.txt","-","14"
"/test/wp-login.php","-","13"
"/recordings/","-","13"
"/site/wp-login.php","-","13"
"/images/snorkel/impact.png","http://logv.org/categorical-attribution.html","13"
"/images/snorkel/impact3.png","http://logv.org/categorical-attribution.html","13"
"/","http://logv.org/logv.html","13"
"/login","https://snorkel.logv.org/login","13"
"/stylesheets/pygment_trac.css","http://www.logv.org/","13"
"/script","-","13"
"/","http://snorkel.logv.org/","13"
"/web/wp-login.php","-","13"
"/setup.php","-","13"
"/main/wp-login.php","-","12"
"/customer/templates/default/footer.tpl","-","12"
"/cgi-sys/redirect.cgi","-","12"
"/cgi-sys/suspendedpage.cgi","-","12"
"/cgi-bin/test/test.cgi","-","12"
"/login","https://snorkel.logv.org/datasets","12"
"/stylesheets/styles.css","http://logv.org/setup.html","12"
"/datasets","https://snorkel.logv.org/login","12"
"/pkg/prelude.js","http://snorkel.logv.org/","12"
"/cgi-sys/test-cgi","-","12"
"/scripts/fake.cgi","-","12"
"/cgi-bin/test-cgi.pl","-","12"
"/en/wp-login.php","-","12"
"/webdav","-","12"
"HTTP/1.1","-","12"
"/stylesheets/pygments.css","http://logv.org/multi-season-exponential-smoothing.html","12"
"/new/wp-login.php","-","11"
"/struts2-showcase/titles/index.action","-","11"
"/pkg/js","http://snorkel.logv.org/tour","11"
"/releases/Snorkel-0.2.0a-x86_64.AppImage","-","11"
"/cgi-bin/user/Config.cgi","-","11"
"/SQLite/SQLiteManager-1.2.4/main.php","-","11"
"/chosen-sprite@2x.png","https://snorkel.logv.org/query","11"
"/news/wp-login.php","-","11"
"/releases/snorkel_0.1.0_amd64.snap","-","11"
"/struts2-bootstrap-showcase/","-","11"
"/releases/Snorkel-0.2.2-x86_64.AppImage","-","11"
"/home/wp-login.php","-","11"
"/sql","-","11"
"/SQLiteManager/main.php","-","11"
"/releases/Snorkel-0.2.1-x86_64.AppImage","-","11"
"/clientaccesspolicy.xml","-","11"
"/mysql","-","11"
"/jenkins/script","-","11"
"/","http://uptime-alpha.net/logv.org","11"
"/struts2-bootstrap-showcase/index.action","-","11"
"/pkg/prelude.js","https://snorkel.logv.org/login","11"
"/sqlite/main.php","-","11"
"/admin/config.php","-","11"
"/SQlite/main.php","-","11"
"/struts2-showcase/index.action","-","11"
"/sqlitemanager/main.php","-","11"
"/blog/","-","10"
"/releases/","http://logv.org/setup.html","10"
"/releases/Snorkel-0.2.0-x86_64.AppImage","-","10"
"/","http://whois.domaintools.com/logv.org","10"
"/blogs/wp-login.php","-","10"
"/releases/snorkel_0.0.20_amd64.snap","-","10"
"/pkg/prelude.css","http://snorkel.logv.org/","10"
"/pkg/css","http://snorkel.logv.org/","10"
"/images/snorkel/impact3.png","-","10"
"/pkg/prelude.css","https://snorkel.logv.org/tour","10"
"/login.action","-","10"
"/releases/old/Snorkel-0.2.2-x86_64.AppImage","-","10"
"/images/snorkel/impact.png","-","10"
"/releases/Snorkel-0.1.1-x86_64.AppImage","-","10"
"/images/yes-snorkeling.png","http://snorkel.logv.org/","10"
"/images/yes-snorkeling.png","-","10"
"/releases/old/Snorkel-0.2.1a-x86_64.AppImage","-","10"
"/releases/Snorkel-0.2.1a-x86_64.AppImage","-","10"
"/","http://45.79.78.223/","10"
"/releases/Snorkel-0.1.0-x86_64.AppImage","-","10"
"/admin/login.asp","-","10"
"/images/no-diving.png","-","10"
"/a2billing/admin/Public/index.php","-","10"
"/login.html","-","10"
"/wp/","-","10"
"/images/snorkel/bigrams.png","-","10"
"/favicon.ico","https://snorkel.logv.org/login","10"
"/SQLiteManager-1.2.4/main.php","-","10"
"/wordpress/","-","10"
"/js/hpsum/hpsum-version.js","-","10"
"","http://45.79.78.223//phpMyAdmin","10"
"/pkg/js","http://snorkel.logv.org/","9"
"/","https://google.com/","9"
"/stylesheets/post.css","http://logv.org/distributed-notes.html","9"
"/releases/Snorkel-0.0.21-x86_64.AppImage","-","9"
"login.cgi","-","9"
"*","-","9"
"/","http://podshipniki-nsk.ru/","9"
"/stylesheets/pygments.css","http://logv.org/distributed-notes.html","9"
"/images/snorkle_icon.png","https://snorkel.logv.org/datasets","9"
"/favicon.ico","http://logv.org/setup.html","9"
"/index.jsp","-","9"
"/releases/Snorkel-0.0.20-x86_64.AppImage","-","9"
"/webdb/scripts/setup.php","-","9"
"/stylesheets/pygments.css","http://logv.org/the-ordinary-power-of-olaps.html","9"
"/changelog.html","-","9"
"/cms/wp-login.php","-","9"
"/customer/templates/default/css/popup.css","-","9"
"/sdk","-","9"
"/releases/Snorkel-0.1.1a-x86_64.AppImage","-","9"
"/recordings/index.php","-","9"
"/phpMyAdmin-2.10.0/scripts/setup.php","-","8"
"mstshash=hello","-","8"
"/setup.html","http://www.logv.org/","8"
"/CFIDE/administrator/","-","8"
"/releases/old/snorkel_0.0.20_amd64.snap","http://logv.org/releases/old/","8"
"/releases/old/Snorkel-0.1.1a-x86_64.AppImage","http://logv.org/releases/old/","8"
"/images/snorkle_icon.png","http://snorkel.logv.org/","8"
"/admin/lib/tiny_mce/plugins/tinybrowser/upload.php","-","8"
"/w00tw00t.at.ISC.SANS.DFind:)","-","8"
"/releases/old/","http://logv.org/releases/","8"
"/releases/old/Snorkel-0.1.0-x86_64.AppImage","http://logv.org/releases/old/","8"
"/","http://irkutsk.zrus.org/","8"
"/static/js/tiny_mce/plugins/tinybrowser/upload.php","-","8"
"/releases/old/Snorkel-0.1.1b-x86_64.AppImage","http://logv.org/releases/old/","8"
"/stylesheets/styles.css","http://www.logv.org/","8"
"/releases/old/Snorkel-0.1.1-x86_64.AppImage","http://logv.org/releases/old/","8"
"/blog/wp-admin/","-","8"
"/pkg/css","https://snorkel.logv.org/query","8"
"/admin/","-","8"
"/history.html","-","8"
"/categorical-attribution.html","http://www.logv.org/","8"
"/pkg/prelude.css","http://snorkel.logv.org/tour","8"
"/wp-admin/","-","8"
"/wordpress/wp-admin/","-","8"
"/releases/old/snorkel_0.1.0_amd64.snap","http://logv.org/releases/old/","8"
"/","http://pizza-tycoon.com/","8"
"/manual_setup.html","http://www.logv.org/setup.html","8"
"/releases/old/Snorkel-0.1.1c-x86_x64.AppImage","http://logv.org/releases/old/","8"
"/logv.html","http://www.logv.org/","8"
"/releases/old/Snorkel-0.0.21-x86_64.AppImage","http://logv.org/releases/old/","8"
"/releases/Snorkel-0.1.1b-x86_64.AppImage","-","8"
"/bi-grams-and-user-behavior.html","http://www.logv.org/","8"
"/multi-season-exponential-smoothing.html","http://www.logv.org/","8"
"/releases/old/Snorkel-0.0.20-x86_64.AppImage","http://logv.org/releases/old/","8"
"/login.php","-","8"
"/pkg/js","https://snorkel.logv.org/datasets/announcements","8"
"/sybil-implementation.html","http://www.logv.org/","8"
"/editors/tinymce/jscripts/tiny_mce/plugins/tinybrowser/upload.php","-","8"
"/schemaless-data.html","http://www.logv.org/","8"
"/scuba-vs-snorkel.html","http://www.logv.org/","8"
"/the-ordinary-power-of-olaps.html","http://www.logv.org/","8"
"/test/wp-admin/","-","8"
"/stylesheets/bootstrap.min.css","http://logv.org/","8"
"/tiny_mce/plugins/tinybrowser/upload.php","-","8"
"/images/no-diving.png","http://snorkel.logv.org/","7"
"/stylesheets/styles.css","http://logv.org/distributed-notes.html","7"
"/releases/old/Snorkel-0.2.0-x86_64.AppImage","http://logv.org/releases/old/","7"
"/my/scripts/setup.php","-","7"
"/old/wp-admin/","-","7"
"/releases/old/Snorkel-0.2.0a-x86_64.AppImage","http://logv.org/releases/old/","7"
"/PMA2011/","-","7"
"/wp-admin/admin-ajax.php","-","7"
"/","http://videochat.world/","7"
"/pma2012/","-","7"
"/pma2011/","-","7"
"/joomla/administrator/index.php","-","7"
"/HNAP1","-","7"
"/pkg/component","https://snorkel.logv.org/query","7"
"/PMA2012/","-","7"
"/","http://free-gluten.ru/","7"
"/library/firstDetect.js.php","-","7"
"/","http://cheboksary.zrus.org/","7"
"/pkg/component","https://snorkel.logv.org/query","7"
"/images/bootstrap/glyphicons-halflings-regular.woff","https://snorkel.logv.org/pkg/prelude.css","7"
"/images/bootstrap/glyphicons-halflings-white.png","http://snorkel.logv.org/pkg/prelude.css","7"
"/static/draw-maze.js","http://antius.blastic.us/","6"
"/scuba-vs-snorkel.html","http://google.com","6"
"/examples/jsp/source.jsp","-","6"
"/phpMyAdmin","-","6"
"/admin/inc/grouplist.txt","-","6"
"/static/antfarm.js","http://antius.blastic.us/","6"
"/categorical-attribution.html","http://google.com","6"
"/../static/grid12.css","-","6"
"/cgi-mod/index.cgi","-","6"
"/admin/index.php","-","6"
"/cgi-bin/index.cgi","-","6"
"/favicon.ico","http://snorkel.logv.org","6"
"/phpMyAdmin-4.2.1-english","-","6"
"/setup.html","http://google.com","6"
"/sybil-implementation.html","http://google.com","6"
"/chosen-sprite@2x.png","https://snorkel.logv.org/query","6"
"/bi-grams-and-user-behavior.html","http://google.com","6"
"/","https://stop-gepatit.te.ua/","6"
"/pkg/prelude.js","https://snorkel.logv.org/tour","6"
"/pkg/js","https://snorkel.logv.org/query","6"
"/phpMyAdmin-4.2.1-all-languages","-","6"
"/query","https://snorkel.logv.org/","6"
"/","http://www.japan-bearings.ru/","6"
"/recordings//theme/main.css","-","6"
"/wp/wp-admin/","-","6"
"/logv.html","http://google.com","6"
"/","http://demian.kz/","6"
"/pkg/component","https://snorkel.logv.org/query","6"
"/apple-touch-icon.png","http://snorkel.logv.org","6"
"/pkg/component","https://snorkel.logv.org/query","6"
"/cgi-bin/faqmanager.cgi","-","6"
"/","http://45.79.78.223//phpMyAdmin","6"
"/","android-app://com.Slack","6"
"/multi-season-exponential-smoothing.html","http://google.com","6"
"/pkg/component","https://snorkel.logv.org/query","6"
"/the-ordinary-power-of-olaps.html","http://google.com","6"
"/phpmyadmin","-","6"
"/","http://www.z-master.ru/","6"
"/pkg/component","https://snorkel.logv.org/query","6"
"/redirect.php","-","6"
"/webadmin/scripts/setup.php","-","6"
"/lcgi/sewse.nlm","-","6"
"/downloader/","-","6"
"/","https://murmansk.afora.ru/","6"
"/myadmin","-","6"
"/","45.79.78.223","6"
"/phpmyadmin3/","-","6"
"/phpmyadmin4/","-","6"
"/","logv.org","6"
"/jmx-console","-","6"
"/dede/inc/grouplist.txt","-","6"
"/phpmyadmin2/","-","6"
"/msd1.24stable","-","5"
"/cms/administrator/index.php","-","5"
"/pkg/component","https://snorkel.logv.org/query","5"
"/pkg/component","https://snorkel.logv.org/query","5"
"/Snorkel-0.0.20-x86_64.AppImage","-","5"
"/scuba-vs-snorkel.html","https://www.google.com/","5"
"/pkg/component","https://snorkel.logv.org/query","5"
"/pkg/component","https://snorkel.logv.org/query","5"
"/blog/wp-admin/setup-config.php","-","5"
"/favicon.ico","http://logv.org/distributed-notes.html","5"
"/images/bootstrap/glyphicons-halflings-white.png","-","5"
"/pkg/component","https://snorkel.logv.org/query","5"
"/pkg/component","https://snorkel.logv.org/query","5"
"/pkg/component","https://snorkel.logv.org/query","5"
"/old/wp-admin/setup-config.php","-","5"
"/releases/Snorkel-0.2.3-x86_64.AppImage","http://logv.org/releases/","5"
"/myAdmin/scripts/setup.php","-","5"
"/chosen-sprite.png","https://snorkel.logv.org/query","5"
"/login","https://snorkel.logv.org/query","5"
"/pkg/component","https://snorkel.logv.org/query","5"
"12.2.1","-","5"
"/pkg/component","https://snorkel.logv.org/query","5"
"/pkg/component","https://snorkel.logv.org/query","5"
"/pkg/component","https://snorkel.logv.org/query","5"
"/stylesheets/pygments.css","http://logv.org/schemaless-data.html","5"
"/Forms/login_security_1.html","-","5"
"/","http://nac-bearings.ru/","5"
"/sqladm/scripts/setup.php","-","5"
"/pkg/component","https://snorkel.logv.org/query","5"
"/Snorkel-x86_64.AppImage","-","5"
"/home.htm","-","5"
"/","http://your-bearings.com/","5"
"/pkg/component","https://snorkel.logv.org/query","5"
"/releases/old/Snorkel-0.2.1a-x86_64.AppImage","http://logv.org/releases/old/","5"
"/test/wp-admin/setup-config.php","-","5"
"/mySqlDumper","-","5"
"/releases/Snorkel-0.3.1-x86_64.AppImage","http://logv.org/releases/","5"
"/pkg/component","https://snorkel.logv.org/query","5"
"/pkg/component","https://snorkel.logv.org/query","5"
"/","http://arenda-avtoprokat-krasnodar.ru/","5"
"/static/draw-maze.js","http://www.logv.org/","5"
"/images/screens/Screenshot_2016-04-30_18-51-11.png","http://snorkel.logv.org/tour","5"
"/releases/old/Snorkel-0.2.2-x86_64.AppImage","http://logv.org/releases/old/","5"
"/mysqldumper","-","5"
"/invoker/JMXInvokerServlet","-","5"
"/pkg/component","https://snorkel.logv.org/query","5"
"/pkg/component","https://snorkel.logv.org/query","5"
"/pkg/prelude.css","http://snorkel.logv.org/login","5"
"/pkg/component","https://snorkel.logv.org/query","5"
"/schemaless-data.html","http://google.com","5"
"/pkg/component","https://snorkel.logv.org/query","5"
"/pkg/component","https://snorkel.logv.org/query","5"
"/tmpfs/snap.jpg","-","5"
"/Joomla/administrator/index.php","-","5"
"/pkg/prelude.js","http://snorkel.logv.org/tour","5"
"/msd1.24.4","-","5"
"/pkg/component","https://snorkel.logv.org/query","5"
"/pkg/component","https://snorkel.logv.org/query","5"
"/","http://kirov.zrus.org/","5"
"/user/","-","5"
"/","https://www.facebook.com/","5"
"/","http://www.bing.com","5"
"/wordpress/wp-admin/setup-config.php","-","5"
"/e/admin/","-","5"
"/releases/Snorkel-0.3.2-x86_64.AppImage","http://logv.org/releases/","5"
"/static/antfarm.js","http://www.logv.org/","5"
"/the-ordinary-power-of-olaps.html","http://logv.org/scuba-vs-snorkel.html","5"
"/pkg/component","https://snorkel.logv.org/query","5"
"/nsE/2m9/hK9/fOy","-","5"
"/stylesheets/post.css","http://logv.org/sybil-implementation.html","5"
"/libraries/sfn.php","-","5"
"/logv.html","https://www.google.com/","5"
"/stylesheets/pygments.css","http://logv.org/categorical-attribution.html","5"
"/stylesheets/post.css","http://logv.org/scuba-vs-snorkel.html","5"
"/pkg/component","https://snorkel.logv.org/query","5"
"/","http://x-lime.net/","5"
"/pkg/component","https://snorkel.logv.org/query","5"
"/MySQLDumper","-","5"
"/admin/login/login.php","-","5"
"/releases/old/Snorkel-0.2.1-x86_64.AppImage","http://logv.org/releases/old/","5"
"/wp/wp-admin/setup-config.php","-","5"
"/","http://logv.org/scuba-vs-snorkel.html","5"
"/","http://voronezh.zrus.org/","5"
"/pkg/component","https://snorkel.logv.org/query","5"
"/stylesheets/pygments.css","http://logv.org/bi-grams-and-user-behavior.html","5"
"/","http://chatroulette.video/","5"
"/msd","-","5"
"/static/ui-controls.js","http://www.logv.org/","5"
"/blog/administrator/index.php","-","4"
"/pkg/component","https://snorkel.logv.org/query","4"
"/sftp-config.json","-","4"
"/pkg/component","https://snorkel.logv.org/query","4"
"/sawmillcl.exe","-","4"
"/cgi-bin/admin.pl","-","4"
"/webadmin","-","4"
"/cgi-bin/search/search.cgi","-","4"
"/cgi-bin/wa","-","4"
"/index.cgi","-","4"
"/cgi-bin/mt-static/mt-check.cgi","-","4"
"/stylesheets/styles.css","http://logv.org/multi-season-exponential-smoothing.html","4"
"/pkg/component","https://snorkel.logv.org/query","4"
"/msd/main.php","-","4"
"/mysql/import.php","-","4"
"/pkg/component","https://snorkel.logv.org/query","4"
"/properties/configuration.php","-","4"
"/phpMyAdmin/import.php","-","4"
"/cgi-bin/upload.cgi","-","4"
"/","http://45.79.78.223","4"
"/admin.cgi","-","4"
"/cgi-bin/quickstore.cgi","-","4"
"/tour","https://github.com/logv/snorkel/wiki/QuickStart","4"
"/cgi-bin/ncbook/book.cgi","-","4"
"/index.pl","-","4"
"/phpMyAdmin-2/scripts/setup.php","-","4"
"/administrator.cgi","-","4"
"/pkg/component","https://snorkel.logv.org/query","4"
"/servlet/webacc","-","4"
"/dumper/main.php","-","4"
"/CSCOnm/servlet/login/login.jsp","-","4"
"/cgi-bin/search.cgi","-","4"
"/","https://bio-optomarket.ru/","4"
"/pkg/component","https://snorkel.logv.org/query","4"
"/","http://yoshkarola.zrus.org/","4"
"/pkg/component","https://snorkel.logv.org/query","4"
"/query.cgi","-","4"
"/static/statspanel.js","http://www.logv.org/","4"
"/pkg/component","https://snorkel.logv.org/query","4"
"/pkg/component","https://snorkel.logv.org/query","4"
"/query.idq","-","4"
"/phpMyAdmin/index.php","http://45.79.78.223:80/phpMyAdmin/index.php","4"
"/pkg/component","https://snorkel.logv.org/query","4"
"/cgi-bin/mt-static/mt-load.cgi","-","4"
"/images","-","4"
"/nessus345678.html","-","4"
"/","http://yaroslavl.zrus.org/","4"
"/stylesheets/pygments.css","http://webcache.googleusercontent.com/search","4"
"/test","-","4"
"/pkg/component","https://snorkel.logv.org/query","4"
"/cms/administrator","-","4"
"/pma/import.php","-","4"
"/cgi-bin/FormHandler.cgi","-","4"
"/phpmyadmin/import.php","-","4"
"/wp-content/themes/RightNow/includes/uploadify/upload_settings_image.php","-","4"
"/pkg/css","https://snorkel.logv.org/datasets/announcements","4"
"/wlwmanifest.xml","-","4"
"/login.jsp","-","4"
"/xampp/phpmyadmin","-","4"
"/admin/login.jsp","-","4"
"/cgi/mid.cgi","-","4"
"/pkg/component","https://snorkel.logv.org/query","4"
"/buglist.cgi","-","4"
"/Robots.txt","-","4"
"/pkg/component","https://snorkel.logv.org/query","4"
"/query","-","4"
"/xampp/cgi.cgi","-","4"
"/images/screens/Screenshot_2016-04-30_18-50-20.png","http://snorkel.logv.org/tour","4"
"/VncViewer.jar","-","4"
"/mysqldumper/main.php","-","4"
"/msd1.24.4/main.php","-","4"
"/stylesheets/styles.css","http://logv.org/the-ordinary-power-of-olaps.html","4"
"/pkg/component","https://snorkel.logv.org/query","4"
"/pkg/css","http://snorkel.logv.org/login","4"
"/","store.blastic.us","4"
"/proxyjudge.php","-","4"
"/p/m/a/scripts/setup.php","-","4"
"/chosen-sprite.png","https://snorkel.logv.org/query","4"
"/ui/","-","4"
"/Blog/wp-login.php","-","4"
"/securecgi-bin/CSUserCGI.exe","-","4"
"/auth/login","-","4"
"/pkg/component","https://snorkel.logv.org/query","4"
"/pkg/component","https://snorkel.logv.org/query","4"
"/pkg/component","https://snorkel.logv.org/query","4"
"/cgi-bin/count.cgi","-","4"
"/admin.php","-","4"
"/wwwboard.cgi","-","4"
"/cgi-bin/mt/mt-check.cgi","-","4"
"/SiteMap.xml","-","4"
"/pkg/component","https://snorkel.logv.org/query","4"
"/static/antpost.js","http://www.logv.org/","4"
"/header.php","-","4"
"/robots.txt","http://logv.org/robots.txt","4"
"/cgi-bin/mailit.pl","-","4"
"/pkg/component","https://snorkel.logv.org/query","4"
"/pkg/js","http://snorkel.logv.org/login","4"
"/cgi-bin/search","-","4"
"/iisprotect/admin/SiteAdmin.ASP","-","4"
"/cgi-bin/index.sh","-","4"
"/session_login.cgi","-","4"
"/pkg/css","https://snorkel.logv.org/query","4"
"/system/login","-","4"
"/SE/EMC_SE.swf","-","4"
"/cgi-bin/wa.exe","-","4"
"/images/screens/Screenshot_2016-08-31_07-26-49.png","http://snorkel.logv.org/tour","4"
"/cgi-bin/index.pl","-","4"
"/xmldata","-","4"
"/ucsm/isSamInstalled.cgi","-","4"
"/show_bug.cgi","-","4"
"/stylesheets/pygments.css","http://logv.org/manual_setup.html","4"
"/cgi-bin/wa.cgi","-","4"
"/stylesheets/post.css","-","4"
"/static/statspanel.js","http://antius.blastic.us/","4"
"/stylesheets/post.css","http://logv.org/the-ordinary-power-of-olaps.html","4"
"/pkg/component","https://snorkel.logv.org/query","4"
"/pkg/component","https://snorkel.logv.org/query","4"
"/cgi-bin/guestbook.cgi","-","4"
"/pkg/prelude.css","https://snorkel.logv.org/login","4"
"/cgi-bin/clwarn.cgi","-","4"
"/cgi-bin/viewcvs.cgi","-","4"
"/NASApp/nessus/","-","4"
"/cgi-bin/urlcount.cgi","-","4"
"/mysql/main.php","-","4"
"/typo3/phpmyadmin","-","4"
"/Joomla/administrator","-","4"
"/pkg/component","https://snorkel.logv.org/query","4"
"/sqlmanager/import.php","-","4"
"/whois.cgi","-","4"
"/cgi-bin/mt/mt-load.cgi","-","4"
"/cgi-bin/whois.cgi","-","4"
"/sawmill6cl.exe","-","4"
"/static/antpost.js","http://antius.blastic.us/","4"
"/releases/Snorkel-0.4.0-x86_64.AppImage","http://logv.org/releases/","4"
"/static/ui-controls.js","http://antius.blastic.us/","4"
"/cgi-bin/admin.cgi","-","4"
"/pkg/component","https://snorkel.logv.org/query","4"
"/","http://forum.blastic.us/","4"
"/","https://letsart.ru/","4"
"/nph-mr.cgi","-","4"
"/note.txt","-","4"
"/m/a/scripts/setup.php","-","4"
"/test.cgi","-","4"
"/LoginPage.do","-","4"
"/stylesheets/styles.css","http://webcache.googleusercontent.com/search","4"
"/cgi-bin/hi","-","4"
"/img/loading.gif","https://snorkel.logv.org/datasets/edit","4"
"/index.sh","-","4"
"/joomla/robots.txt","-","4"
"/Wordpress/wp-login.php","-","4"
"/wwwadmin.cgi","-","4"
"/_mt/mt.cgi","-","4"
"/cgi-bin/FormMail.cgi","-","4"
"/cgi-bin/bugreport.cgi","-","4"
"/cgi-bin/help.cgi","-","4"
"/cgi-bin/Count.cgi","-","4"
"/search","-","4"
"/cgi-sys/defaultwebpage.cgi","-","4"
"/images/screens/Screenshot_2016-08-31_07-24-27.png","http://snorkel.logv.org/tour","4"
"/javascripts/scale.fix.js","http://www.logv.org/","4"
"/javascripts/scale.fix.js","http://logv.org","4"
"/web-console/ServerInfo.jsp","-","3"
"/pkg/css","https://snorkel.logv.org/query","3"
"/.git/HEAD","-","3"
"/xb9987.php","-","3"
"/shell","http://45.79.78.223/shell","3"
"/scuba-vs-snorkel.html","https://www.google.com.hk/","3"
"/rwgeew1.html","-","3"
"/","http://coolwallpapers-hd.com/","3"
"45.79.78.223","-","3"
"/","http://murmansk.xrus.org/","3"
"/","http://topkarkas.com/","3"
"/about","-","3"
"/%70%68%70","-","3"
"/releases/Snorkel-0.2.0a-x86_64.AppImage","http://logv.org/releases/","3"
"/phpmy-admin/scripts/setup.php","-","3"
"/datasets/announcements","https://snorkel.logv.org/query","3"
"/phpMyAdmin-2.11.11/scripts/setup.php","-","3"
"/pkg/component","https://snorkel.logv.org/query","3"
"/releases/Snorkel-0.2.0-x86_64.AppImage","http://logv.org/releases/","3"
"/ads.txt","-","3"
"/","http://kozhniebolezni.com/","3"
"/mysql-admin/scripts/setup.php","-","3"
"/stylesheets/pygment_trac.css","http://logv.org","3"
"/HNAP1/","-","3"
"/","http://video-chat.in/","3"
"/","https://essayservicewriting.org/","3"
"/cgi_wrapper","-","3"
"/stylesheets/styles.css","http://logv.org/manual_setup.html","3"
"/","https://bpro1.top/","3"
"/wsgssg1.html","-","3"
"/","http://murmansk.zrus.org/","3"
"/bi-grams-and-user-behavior.html","http://logv.org/bi-grams-and-user-behavior.html","3"
"/","http://bryansk.zrus.org/","3"
"/","http://podshipniki-ntn.ru/","3"
"/favicon.ico","https://snorkel.logv.org/tour","3"
"/images/screens/Screenshot_2016-08-31_07-25-05.png","http://snorkel.logv.org/tour","3"
"/","https://coindirect.io/","3"
"/phpMyAdmin-2.11.11.3/scripts/setup.php","-","3"
"/sybil-implementation.html","http://logv.org/sybil-implementation.html","3"
"/index.php/Admin/public/login.html","-","3"
"/license.txt","http://google.com","3"
"/e/master/login.aspx","-","3"
"/a2billing/agent/Public/index.php","-","3"
"/dede/login.php","-","3"
"/admin/Admin_Login.asp","-","3"
"/administrator/","-","3"
"/","http://www.wttavern.com/","3"
"/stylesheets/styles.css","http://logv.org/categorical-attribution.html","3"
"/admin/login.html","-","3"
"/stylesheets/styles.css","http://www.logv.org/the-ordinary-power-of-olaps.html","3"
"/stylesheets/pygments.css","http://www.logv.org/the-ordinary-power-of-olaps.html","3"
"/Portal/Portal.mwsl","-","3"
"/favicon.ico","http://logv.org","3"
"/stylesheets/styles.css","http://logv.org","3"
"/stylesheets/pygments.css","http://www.logv.org/schemaless-data.html","3"
"/tour","https://github.com/logV/snorkel/wiki/QuickStart","3"
"/query","https://snorkel.logv.org/datasets/edit","3"
"/stylesheets/pygments.css","http://www.logv.org/setup.html","3"
"/","http://khantymansiysk.zrus.org/","3"
"/","http://ryazan.zrus.org/","3"
"/","http://chatroulette.si/","3"
"/stylesheets/styles.css","http://antius.blastic.us/","3"
"/","https://ohmyrings.com/","3"
"/stylesheets/pygment_trac.css","http://antius.blastic.us/","3"
"/","https://vk.com/vps_vds_dedicated_server","3"
"/phpMyAdmin","http://45.79.78.223/phpMyAdmin","3"
"/pkg/js","https://snorkel.logv.org/query","3"
"/stylesheets/styles.css","http://www.logv.org/setup.html","3"
"/","http://kaliningrad.zrus.org/","3"
"/images/bootstrap/glyphicons-halflings.png","https://snorkel.logv.org/query","3"
"/pkg/component","https://snorkel.logv.org/query","3"
"/robots.txt","http://www.logv.org/robots.txt","3"
"/mysqlmanager/scripts/setup.php","-","3"
"/phpmyadmin%20","http://45.79.78.223/phpmyadmin","3"
"/phpmanager/scripts/setup.php","-","3"
"/","http://typer.one/","3"
"/","https://www.facebook.com/businesses.center/","3"
"/joomla/administrator","-","3"
"/","http://www.zetmaster.ru/","3"
"/","http://videochat.cafe/","3"
"/","http://greenzaim.ru/","3"
"/pkg/component","https://snorkel.logv.org/query","3"
"/images/snorkle_icon.png","https://snorkel.logv.org/datasets/edit","3"
"/images/screens/Screenshot_2016-08-31_07-30-50.png","http://snorkel.logv.org/tour","3"
"/pkg/css","https://snorkel.logv.org/query","3"
"/","http://store-rx.com/","3"
"/","http://novosibirsk.zrus.org/","3"
"/login.aspx","-","3"
"/PMA2005/","-","3"
"/","https://snorkel.logv.org/","3"
"/favicon.ico","http://antius.blastic.us/","3"
"/","http://novorossiysk.zrus.org/","3"
"/images/screens/Screenshot_2016-08-31_07-32-51.png","http://snorkel.logv.org/tour","3"
"/pkg/component","https://snorkel.logv.org/query","3"
"/phpMyAdmin-2.10.0.0/scripts/setup.php","-","3"
"/","http://tomsk.zrus.org/","3"
"/pkg/prelude.js","http://snorkel.logv.org/login","3"
"/pkg/component","https://snorkel.logv.org/query","3"
"/RECORDINGS/","-","3"
"/crossdomain.xml","-","3"
"/","http://logv.org/setup.html","3"
"/pkg/component","https://snorkel.logv.org/query","3"
"/pkg/component","https://snorkel.logv.org/query","3"
"/","http://videochat.tv.br/","3"
"/favicon.ico","http://logv.org/bi-grams-and-user-behavior.html","3"
"/pkg/component","https://snorkel.logv.org/query","3"
"/phpMyAdmin-3.0.0.0-all-languages/scripts/setup.php","-","3"
"/","http://blastic.us/","3"
"/pkg/css","https://snorkel.logv.org/query","3"
"/","https://pregnant.guru/","3"
"/","http://chatroulette.online/","3"
"/stylesheets/styles.css","http://logv.org/bi-grams-and-user-behavior.html","3"
"/user/login","-","3"
"/Public/home/images/cm11.png","-","3"
"/~okay/snorkel_gifs/","-","3"
"/pkg/component","https://snorkel.logv.org/query","3"
"/bitrix/admin/index.php","-","3"
"/","http://remontvsamare.su/","3"
"/php-myadmin/scripts/setup.php","-","3"
"/pkg/component","https://snorkel.logv.org/query","2"
"/ViewerFrame","-","2"
"/snoop/","-","2"
"/active.log","-","2"
"/uddipublic/default.aspx","-","2"
"/pkg/component","https://snorkel.logv.org/query","2"
"/IDMProv/jsps/help/Help.jsp","-","2"
"/%2e%2e\x5C%2e%2e\x5C%2e%2e\x5C%2e%2e\x5C%2e%2e\x5C%2e%2e\x5C%2e%2e\x5C%2e%2e\x5C%2e%2e\x5C%2e%2e\x5Cwinnt\x5Cwin.ini","-","2"
"/..\x5Cpixfir~1\x5Chow_to_login.html","-","2"
"/NCMContainer.cc","-","2"
"/index.exp","-","2"
"/com/novell/webaccess/WebAccessUninstall.ini","-","2"
"/releases/Snorkel-0.2.1-x86_64.AppImage","http://logv.org/releases/","2"
"/nsn/..%5Cwebdemo/fdir.bas","-","2"
"/axis-cgi/jpg/image.cgi","1","2"
"/nul.dbm","-","2"
"/%2e%2e/%2e%2e/%2e%2e/%2e%2e/%2e%2e/%2e%2e/%2e%2e/%2e%2e/%2e%2e/%2e%2e/%2e%2e/winnt/win.ini","-","2"
"/pkg/prelude.css","http://snorkel.logv.org/login","2"
"/perl/samples/env.pl","-","2"
"/site/wp-admin/setup-config.php","-","2"
"././././././././././././././././././././././././././././././././././././././././././././././././././././././././././././././././././././././././././././././././././././././././././././././././../../../../../../../../","-","2"
"/broadWeb/bwRoot.asp","-","2"
"/view/view.shtml","-","2"
"/upload/bank-icons/bank-gh.jpg","-","2"
"/status.xsl.","-","2"
"/images/no-diving.png","https://www.google.lv/","2"
"/igsponsor","-","2"
"/intruvert/jsp/admin/Login.jsp","-","2"
"/view.html","-","2"
"/","http://life-instyle.com/architectural-design.html","2"
"/././././././../../../../../windows/win.ini","-","2"
"/index.do","-","2"
"/autodiscover/autodiscover.xml","-","2"
"/stream/0","-","2"
"/mdbohobn.mscgi","-","2"
"/xfc590kb.htm","-","2"
"/+CSCOE+/logon.html","-","2"
"/xfc590kb.kspx","-","2"
"/8d4ccd1b884a439.php","-","2"
"/index.jsp%00x","-","2"
"/frame/first.action","-","2"
"/images/snorkle_icon.png","http://snorkel.logv.org/login","2"
"/rom-0","-","2"
"/upjlsbaygvru.html","-","2"
"/cgi-bin/com5.pl","-","2"
"/ords/","-","2"
"/iisadmpwd/aexp3.htr","-","2"
"/ddfenaltkuilyiz.html","-","2"
"/webalizer/","-","2"
"/iouzaheralvbtg.html","-","2"
"/xfc590kb.html","-","2"
"/","http://ekaterinburg.zrus.org/","2"
"/v2.0/environments/li1177-223.members.linode.com","-","2"
"/pkg/css","https://snorkel.logv.org/query","2"
"/dp/login.xml","-","2"
"/images/screens/Screenshot_2016-08-31_07-24-27.png","http://logv.org/~okay/logv.html","2"
"/cms/wp-admin/setup-config.php","-","2"
"/rcladmin/js/art_i18n/nls/art_i18n.js","-","2"
"/beta/wp-admin/setup-config.php","-","2"
"/nps/servlet/portalservice","-","2"
"/scripts/8vXPi1cgThCG.asp","-","2"
"/pkg/css","https://snorkel.logv.org/query","2"
"/xfc590kb.nsf","-","2"
"/","http://kostroma.zrus.org/","2"
"/OWA-AUTODISCOVER-EWS","-","2"
"/scripts/8vXPi1cgThCG.cfm","-","2"
"/././././././../../../../../etc/passwd","-","2"
"/manager/","-","2"
"/.|./.|./.|./.|./.|./.|./.|./.|./.|./.|./.|./windows/win.ini","-","2"
"/mdbohobn.jspa","-","2"
"/wp-login.php","logv.org/wp-login.php","2"
"/apex/listenerConfigure","-","2"
"/servlet/snoopservlet/","-","2"
"/images/screens/Screenshot_2016-08-31_07-30-50.png","http://logv.org/~okay/logv.html","2"
"/images/snorkle_icon.png","http://www.bing.com/images/search","2"
"/cwlqnrduexd.html","-","2"
"/client/","-","2"
"/kmpsyjxladcp.html","-","2"
"/sssnnkiivjo.html","-","2"
"/pkg/css","https://snorkel.logv.org/query","2"
"/","http://xn--e1afanlbnfckd7c3d.xn--p1ai/","2"
"/index.JSP","-","2"
"/.htaccess.tmp","-","2"
"/datasets","https://snorkel.logv.org/datasets","2"
"/commoncgi/servlet/CCGIServlet","-","2"
"/event/index.do","-","2"
"/cgi-bin/8vXPi1cgThCG.asp","-","2"
"/backup/wp-login.php","-","2"
".\x5C.\x5C.\x5C.\x5C.\x5C.\x5C.\x5C.\x5C.\x5C.\x5C/winnt/win.ini","-","2"
"/PUBLIC/ADMIN/INDEX.HTM","-","2"
"/qnbwvaztafizqu.html","-","2"
"/DB4Web/ne-vm-nessus01:23/foo","-","2"
"/../../../../../../../../../../../../etc/passwd","-","2"
"/pkg/css","https://snorkel.logv.org/query","2"
"/images/bootstrap/glyphicons-halflings-regular.woff","https://snorkel.logv.org/pkg/prelude.css","2"
"/mve/help/en/inventory/am_about.html","-","2"
"/admin/login.do","-","2"
"/mdbohobn.do","-","2"
"/help/introduction/release-notes.html","-","2"
"/ofbizsetup/control/checkLogin","-","2"
"/robots.txt","http://snorkel.logv.org/robots.txt","2"
"/xfc590kb.x","-","2"
"/tsp//","-","2"
"/.htaccess~","-","2"
"/home/login.action","-","2"
"/xfc590kb.php","-","2"
"/public/javascripts/tiny_mce/plugins/tinybrowser/upload.php","-","2"
"/favicon.ico","https://snorkel.logv.org/favicon.ico","2"
"/scripts/w3who.dll","-","2"
"/....\x5C....\x5C....\x5C....\x5C....\x5C....\x5C....\x5C....\x5C....\x5Cwindows\x5Cwin.ini","-","2"
"/mdbohobn.exe","-","2"
"/usage/","-","2"
"/pkg/js","https://snorkel.logv.org/query","2"
"/smsmvlog.nsf","-","2"
"/puppet-ca/v1/certificate/li1177-223.members.linode.com","-","2"
"/configurations.do","-","2"
"/wp-admin/setup-config.php","-","2"
"/pls/portal/DEV6_PORTAL_DEMO.ORG_CHART.SHOW","-","2"
"/portal/pls/portal/DEV1_PORTAL_DEMO.ORG_CHART.SHOW","-","2"
"/..htaccess.swp","-","2"
"/.DS_Store","-","2"
"/idm/login.jsp","-","2"
"/core/wp-login.php","-","2"
"/cgi-bin/client_execute.cgi","-","2"
"/stylesheets/post.css","http://logv.org/bi-grams-and-user-behavior.html","2"
"/wp-content/plugins/simple-forum/editors/tinymce/plugins/tinybrowser/upload.php","-","2"
